text-id,f1,overall
hard-370,"[0.6666666666666666, 0.3333333333333333, 0.3333333333333333, 0.4, 0.4, 0.6666666666666666, 0.0, 0.6666666666666666, 0.0]",0.3851851851851852
medium-17,"[0.8333333333333334, 0.6666666666666666, 0.5, 0.8, 0.7272727272727273, 0.4444444444444444, 0.8, 0.2857142857142857, 0.8]",0.6508257174923842
hard-501,"[0.4444444444444444, 0.5, 0.8, 1.0, 0.75, 0.5, 0.5714285714285714, 0.0, 0.75]",0.590652557319224
hard-656,"[0.4, 0.4, 0.4, 0.5, 0.4, 0.5, 0.4, 0.5, 0.4]",0.43333333333333335
overall,0.5149991983325317,0.5149991983325317
