text-id,f1,overall
medium-659,"[0.5, 1.0, 0.8, 0.8, 1.0, 0.5, 0.5, 1.0, 0.5, 0.5, 0.8, 0.5, 0.0, 0.8]",0.6571428571428571
hard-555,"[0.0, 0.4, 0.5, 0.0, 0.3333333333333333, 0.0, 0.5, 0.5, 0.0, 0.5, 0.0, 0.3333333333333333, 0.0, 0.5]",0.2547619047619048
hard-3,"[0.75, 0.75, 0.5714285714285714, 0.5714285714285714, 0.0, 0.0, 0.4, 0.75, 0.75, 0.5714285714285714, 0.8571428571428571, 0.8888888888888888, 0.0, 0.5714285714285714]",0.5308390022675736
hard-624,"[1.0, 1.0, 0.8, 0.0, 0.0, 0.4, 0.5, 0.4, 1.0, 0.8, 0.8, 1.0, 0.6666666666666666, 1.0]",0.669047619047619
overall,0.5279478458049887,0.5279478458049887
