text-id,f1,overall
hard-547,"[0.6666666666666666, 0.8, 0.8, 0.8571428571428571, 0.8571428571428571, 0.8571428571428571, 0.8571428571428571]",0.8136054421768707
hard-862,"[0.8571428571428571, 0.6666666666666666, 0.5, 0.8571428571428571, 0.5714285714285714, 0.5714285714285714, 0.8]",0.6891156462585034
medium-192,"[0.5, 0.6666666666666666, 0.6666666666666666, 0.5, 0.5, 0.6666666666666666, 0.0]",0.49999999999999994
hard-24,"[0.5714285714285714, 0.8571428571428571, 0.6666666666666666, 0.8571428571428571, 0.6666666666666666, 0.3333333333333333, 0.6666666666666666]",0.6598639455782312
overall,0.6656462585034013,0.6656462585034013
