text-id,f1,overall
medium-31,"[0.8, 0.5714285714285714, 0.5, 0.8888888888888888, 0.75, 0.8, 0.0]",0.6157596371882086
medium-277,"[0.0, 0.6666666666666666, 1.0, 0.5, 0.5, 0.0, 0.5]",0.4523809523809524
hard-121,"[0.6666666666666666, 0.4, 0.4, 0.0, 0.8571428571428571, 0.4, 0.5]",0.4605442176870748
medium-889,"[0.0, 0.0, 0.6666666666666666, 0.5, 0.0, 0.6666666666666666, 1.0]",0.4047619047619047
overall,0.4833616780045351,0.4833616780045351
