text-id,f1,overall
medium-445,"[0.0, 0.2857142857142857, 0.5714285714285714, 0.6666666666666666, 0.2857142857142857, 0.75, 0.0, 0.3333333333333333]",0.3616071428571428
hard-808,"[0.0, 0.3333333333333333, 0.0, 0.8571428571428571, 0.4, 0.5714285714285714, 0.3333333333333333, 0.3333333333333333]",0.35357142857142854
medium-85,"[0.9230769230769231, 0.4, 0.4, 0.7692307692307693, 0.7692307692307693, 0.8333333333333334, 0.0, 0.0]",0.5118589743589743
medium-746,"[1.0, 1.0, 1.0, 1.0, 1.0, 1.0, 0.3333333333333333, 0.75]",0.8854166666666666
overall,0.528113553113553,0.528113553113553
