text-id,f1,overall
medium-534,"[0.8, 1.0, 1.0, 0.8, 1.0, 0.5, 1.0, 0.8, 0.5, 0.8]",0.8200000000000001
medium-677,"[0.8571428571428571, 0.8571428571428571, 0.5714285714285714, 0.4, 0.5714285714285714, 0.5714285714285714, 0.5714285714285714, 0.3333333333333333, 0.6666666666666666, 0.5714285714285714]",0.5971428571428571
hard-51,"[1.0, 0.6666666666666666, 0.6666666666666666, 0.0, 0.6666666666666666, 0.0, 0.0, 0.6666666666666666, 0.0, 0.0]",0.3666666666666666
medium-84,"[0.0, 0.6666666666666666, 0.5714285714285714, 0.5, 0.3333333333333333, 0.3333333333333333, 0.8, 0.6666666666666666, 0.0, 0.5]",0.43714285714285717
overall,0.5552380952380953,0.5552380952380953
