text-id,f1,overall
medium-492,"[0.0, 0.6666666666666666, 0.6666666666666666, 0.5, 0.6666666666666666, 0.2857142857142857, 0.6666666666666666, 0.5714285714285714, 0.6666666666666666, 0.0, 0.6666666666666666, 0.5, 0.8571428571428571]",0.5164835164835165
medium-564,"[0.0, 0.8, 0.4, 0.8, 0.0, 0.5, 0.8, 0.4, 0.6666666666666666, 1.0, 0.0, 0.5, 0.4]",0.4820512820512821
hard-72,"[0.0, 0.8, 0.3333333333333333, 0.8, 0.0, 0.0, 0.4, 0.4, 0.0, 0.8, 0.4, 0.4, 0.0]",0.3333333333333333
hard-656,"[0.0, 0.6666666666666666, 0.4, 0.0, 0.5, 0.5, 0.0, 0.0, 0.6666666666666666, 0.5, 1.0, 0.0, 0.0]",0.3256410256410256
overall,0.4143772893772894,0.4143772893772894
