text-id,f1,overall
hard-118,"[0.5, 0.0, 0.0, 0.5714285714285714, 0.5, 0.5, 0.5, 0.6666666666666666, 0.0]",0.35978835978835977
hard-762,"[0.0, 0.5, 0.0, 0.5, 0.6666666666666666, 0.5, 0.4, 0.3333333333333333, 0.4]",0.36666666666666664
hard-693,"[0.5, 0.0, 0.6666666666666666, 0.6666666666666666, 0.8, 0.6666666666666666, 0.4, 0.6666666666666666, 0.5]",0.5407407407407407
medium-253,"[0.8888888888888888, 1.0, 0.8888888888888888, 0.75, 0.8571428571428571, 1.0, 1.0, 0.4, 0.8888888888888888]",0.8526455026455027
overall,0.5299603174603175,0.5299603174603175
