Dob,proportion
18-24,40.25974025974026
25-35,28.57142857142857
55-64,12.987012987012985
45-54,11.688311688311687
35-44,5.194805194805195
>64,1.2987012987012987
