Spol,proportion
Ženski,55.84415584415584
Muški,41.55844155844156
Ne želim odgovoriti,2.5974025974025974
