Radni status,proportion
Zaposlen,53.246753246753244
Student,42.857142857142854
Nezaposlen,2.5974025974025974
Umirovljenik,1.2987012987012987
